{
    "24": 0.00015465129226619818,
    "26": 0.00030930258453239635,
    "23": 0.0006186051690647927,
    "1": 0.0043302361834535496,
    "22": 0.004948841352518342,
    "21": 0.013763965011691639,
    "2": 0.015929083103418413,
    "20": 0.03015700199190864,
    "19": 0.07748029742536529,
    "3": 0.09031635468345973,
    "18": 0.1950152795476759,
    "17": 0.4619434099991339,
    "4": 0.5898400287032799,
    "16": 1.1631323691340765,
    "5": 1.9507714006458239,
    "15": 2.5081346579732022,
    "6": 4.371528078488624,
    "14": 4.778260977148725,
    "7": 7.857058903584198,
    "13": 8.102799806995186,
    "12": 11.512860801464857,
    "8": 11.619879495713066,
    "9": 14.475051653531617,
    "11": 14.51154935850644,
    "10": 15.664165439766414
}